,Time,Speech,,Observation by Code,Common words,General Observation,,,,,,,
,,,,,"Before - pulse, extremities, lower, radial, arm, femoral","Patient's extremities are palpated and pulses are reported with a prefix of what kind of pulses. Ex: ""distal"" or ""radial""",,,,,,,
,,,,,During - no speech,,,,,,,,
,,,,,"After - radial, pulse, upper, lower, extremities, radial, positive, distal, femoral, bilateral, bounding, right, left, irregular, value",,,,,,,,
160819,,,,,,,,,,,,,
,0:18:52,Plus two DP pulses on the left,During,,,,,,,,,,
,,,,,,,,,,,,,
160814,,,,,,,,,,,,,
,0:22:09,Pulse is equal bilaterally.,,,,,,,,,,,
,,,,,,,,,,,,,
,,,,,,,,,,,,,
,,,,,,,,,,,,,
,,,,,,,,,,,,,
160621,,,,,,,,,,,,,
,0:20:48,Intact right [trigonal pulsations.],After,,,,,,,,,,
,0:21:13,"Ok [full store extremities no deformities, no angries,] ahh,[...] pulses.",After,,,,,,,,,,
160116,,,,,,,,,,,,,
3,,he has 2+ bilateral radial pulses,,RP,,,,,,,,,
,,,,,,,,,,,,,
160505,,,,,,,,,,,,,
41,,2+ pulses,,RP,,,,,,,,,
,,,,,,,,,,,,,
160511,,,,,,,,,,,,,
221,,"Ok, so, she has good pulses in her left lower extremity, she is complaining of pain, ah, in her thigh, and it is externally rotated.",,RP,,,,,,,,,
,,,,,,,,,,,,,
160519,,,,,,,,,,,,,
66,,"We have, ahh, 2 pulses, 2+ pulses verse [capsules pulses].",,RP,,,,,,,,,
,,,,,,,,,,,,,
160523,,,,,,,,,,,,,
15,(0:02:21),Circulation intact,,RP,,,,,,,,,
16,(0:02:23 ),He got  2+ uh pulses ,,RP,,,,,,,,,
17,(0:02:26 ),peripherally,,RP,,,,,,,,,
,,,,,,,,,,,,,
85,(0:07:28),Got good femoral pulses,RP,,,,,,,,,,
,,,,,,,,,,,,,
160524,,,,,,,,,,,,,
103,(0:10:04),"Airways patent he's got equal breath sounds bilaterally, […] sound are good. He's got 2+, distal pulse at upright extremity",,RP,,,,,,,,,
104,(0:10:23),"Got 2+ distal pulses bilateral, lower extremity",,RP,,,,,,,,,
,,,,,,,,,,,,,
160601,,,,,,,,,,,,,
158,(0:15:49),Pulse on the right?,,Q,,,,,,,,,
159,(0:15:52),Pulse on the left?,,Q,,,,,,,,,
181,(0:19:14),"Her right lower extremity is clear, her left lower extremity is clear. Her right upper extremity is clear plus radial pulse.",,RP,,,,,,,,,
182,(0:19:26),Her right her right upper extremity is clear plus radial pulse.,,RP,,,,,,,,,
186,(0:19:45),There's 2+ radial on the left.,,RP,,,,,,,,,
,,,,,,,,,,,,,
160602,,,,,,,,,,,,,
20,(0:13:38),"Bilateral, pulses 2+ pull through",,RP,,,,,,,,,
,,,,,,,,,,,,,
160621,,,,,,,,,,,,,
80,(0:13:52),Pulses?,,Q,,,,,,,,,
,,,,,,,,,,,,,
160649,,,,,,,,,,,,,
42,(0:04:53),"I'm sorry can you go back, did you do pulse yet?",,Q,,,,,,,,,
43,(0:04:55),Yeah they're still intact radially and […] bilaterally,,RS,,,,,,,,,
136,(0:11:57),Good pulses,,RP,,,,,,,,,
137,(0:11:58),"Good pulses, 2+",,RP,,,,,,,,,
,,,,,,,,,,,,,
160652,,,,,,,,,,,,,
128,(0:10:58),2+ pulses bilaterally,,RP,,,,,,,,,
,,,,,,,,,,,,,
160654,,,,,,,,,,,,,
41,(0:03:20),He has2+ pulses bilateral lower extremities.,,RP,,,,,,,,,
93,(0:06:53),"K, skin warm umm good pulses everywhere?",,Q,,,,,,,,,
127,(0:10:07),So good pulses right lower extremity no obvious deformity but pain.,,RP,,,,,,,,,
,,,,,,,,,,,,,
160723,,,,,,,,,,,,,
11,(0:06:07),2+ left DP pulse,,RP,,,,,,,,,
57,(0:10:35),Alright did you get a […]pulse on that extremity?,,Q,,,,,,,,,
60,(0:10:49),I have a good right radialpulse,,RS,,,,,,,,,
61,(0:10:59),I can feel a radial pulse,,RS,,,,,,,,,
106,(0:14:52),Would you mind?  we're just gonna take some pulses here,,Q,,,,,,,,,
112,(0:15:16),"I have, I'm gonna call it a 1+ rank DP pulse",,RS,,,,,,,,,
113,(0:15:20),Okay,,ACK,,,,,,,,,
114,(0:15:25),"1+ as well, DP pulse",,RP,,,,,,,,,
115,(0:15:27),We have pulse present,,RP,,,,,,,,,
238,(0:31:40),The radial seems fine,,RP,,,,,,,,,
178,(0:25:41),Decent pulses,,RP,,,,,,,,,
403,(0:48:24),"Okay and I think you know even though she says no. When she actually makes movement she just feels bad, when I was touching her. Uh and all of her pulses are good, so blood is getting to her fingers and toes.",,RP,,,,,,,,,
,,,,,,,,,,,,,
,,,,,,,,,,,,,
160814,,,,,,,,,,,,,
134,(0:21:50),Pulse is equal bilaterally.,,RP,,,,,,,,,
,,,,,,,,,,,,,
,,,,,,,,,,,,,
160819,,,,,,,,,,,,,
76,(0:16:27),2+ DP pulses on the left,,RP,,,,,,,,,
,,,,,,,,,,,,,
,,,,,,,,,,,,,
,,,,,,,,,,,,,
161130,,,,,,,,,,,,,
10,(0:02:55),I'm sorry I didn't hear what he said about pulses,,CL,,,,,,,,,
,,,,,,,,,,,,,
,,,,,,,,,,,,,
161214,,,,,,,,,,,,,
32,(0:02:54),Yeah she’s got bilateral pulses their good she’s nontachycardic going at 79 right now.,,RP,,,,,,,,,
33,(0:02:59),Ok 79 right now you said?,,CL,,,,,,,,,
34,(0:03:01),That's what I saw a second ago yeah. Yup on the monitors.,,CNF? RS?,,,,,,,,,
,,,,,,,,,,,,,
,,,,,,,,,,,,,
Time,Speech,,,,,,,,,,,,
160621,,,,,,,,,,,,,
0:15:43,Pulses?,during,00:15:42,00:15:44,R DP/PT-PC,,,,,,,,
0:16:15,Beth I can hear him.,after,0:15:45,00:15:48,L DP/PT-PC,,,,,,,,
,,,,,,,,,,,,,
,,,00:21:08,00:21:16,R femoral-PC,,,,,,,,
,,,00:21:08,00:21:16,L femoral-PC,,,,,,,,
,,,,,,,,,,,,,
160737,,,,,,,,,,,,,
0:14:03,Thirty-seven two axillary ,after,00:12:49,00:12:53,L DP/PT-PC,,,,,,,,
,,,00:12:55,00:12:59,R DP/PT-PC,,,,,,,,
,,,,,,,,,,,,,
160814,,,,,,,,,,,,,
0:22:09,Pulse is equal bilaterally.,after,00:21:59,00:22:06,R DP/PT-PC,,,,,,,,
,,,00:21:59,00:22:06,L DP/PT-PC,,,,,,,,
,,,,,,,,,,,,,
,,,,,,,,,,,,,
,,,,,,,,,,,,,
160819,,,,,,,,,,,,,
0:18:52,Plus two DP pulses on the left,during,00:18:43,00:18:49,L DP/PT-PC,,,,,,,,
,,,00:18:49,00:18:54,R DP/PT-PC,,,,,,,,
,,,,,,,,,,,,,
,,,,,,,,,,,,,
,,,,,,,,,,,,,
Key Words,,,,,,,,,,,,,
pulse',,,,,,,,,,,,,
axillary',,,,,,,,,,,,,
distal',,,,,,,,,,,,,
equal',,,,,,,,,,,,,
bilaterally',,,,,,,,,,,,,
left',,,,,,,,,,,,,
,,,,,,,,,,,,,
,,,,,,,,,,,,,
,,,,,,,,,,,,,
,,,,,,,,,,,,,
Transcript/Line,Time,Speech,,,,,,,,,,,
,,,,,,,,,,,,,
161211,,,,,,,,,,,,,
44,(0:12:35),Two plus radial pulse on the right. Two plus DP pulse on the right as well.,,,,,,,,,,,
45,(0:12:45),Two plus DP pulse on the left,,,,,,,,,,,
46,(0:12:56),Two plus radial pulse on the left side,,,,,,,,,,,
,,,,,,,,,,,,,
,,,,,,,,,,,,,
170107,,,,,,,,,,,,,
112,(0:17:15),Okay check the pulses,,,,,,,,,,,
120,(0:17:45),Check the pulses,,,,,,,,,,,
124,(0:17:56),Do we have pulses?,,,,,,,,,,,
125,(0:17:58),"Yeah we have one, two plus pulses",,,,,,,,,,,
127,(0:18:00),Two plus [T T?] pulses,,,,,,,,,,,
,,,,,,,,,,,,,
,,,,,,,,,,,,,
170126,,,,,,,,,,,,,
188,(0:23:43),So in summary this is a 10 year old female ahh who fell ahh while doing gymnastics first loss of consciousness right now presentation G C S of 13 other then that ahh ahh baited airway ahh she has ahh heightened access on the right A C ahh bilateral pulses and ahh no other significant issues and ahh second survey she doesn&rsquo;t have any open lacerations or anything. Umm so.,,,,,,,,,,,
,,,,,,,,,,,,,
,,,,,,,,,,,,,
170122,,,,,,,,,,,,,
36,0:02:02,He's got a strong dorsal pedis pulse on the right,,,,,,,,,,,
39,0:02:17,He's got a strong dorsal pedis pulse on the left as well. ,,,,,,,,,,,
,,,,,,,,,,,,,
62,0:03:21,He's got good dorsal pedis pulses.,,,,,,,,,,,
63,0:03:26,He has dorsal pedis pulses?,,,,,,,,,,,
64,0:03:28,Yes,,,,,,,,,,,
,,,,,,,,,,,,,
138,0:06:36,2+ radial on the right.,,,,,,,,,,,
139,0:06:39,Okay,,,,,,,,,,,
140,0:06:41,2+ on the left radial,,,,,,,,,,,
141,0:06:42,Okay,,,,,,,,,,,
143,0:06:50,"2+ dp on the right, and the left",,,,,,,,,,,
144,0:06:56,And the left? Okay,,,,,,,,,,,
,,,,,,,,,,,,,
201,0:11:09,2+ femoral on the uh left.,,,,,,,,,,,
202,0:11:12,Okay,,,,,,,,,,,
203,0:11:15,2+ on the right.,,,,,,,,,,,
204,0:11:16,Okay,,,,,,,,,,,
205,0:11:21,2+ palpate on the-,,,,,,,,,,,
206,0:11:26,Left,,,,,,,,,,,
207,0:11:28,2+ on the right.,,,,,,,,,,,
,,,,,,,,,,,,,
267,0:16:23,Theres a second doppler over there if you want a different one,,,,,,,,,,,
268,0:16:26,Ok,,,,,,,,,,,
269,0:16:28,Is it not working?,,,,,,,,,,,
270,0:16:30,"No it's fine, some people prefer the simpler version",,,,,,,,,,,
271,0:16:42,"Do we have lube, is there lube there",,,,,,,,,,,
272,0:16:49,Why don't you test where your pulse is gonna be,,,,,,,,,,,
273,0:16:56,[Crackling Noise],,,,,,,,,,,
274,0:17:52,Move your toes,,,,,,,,,,,
275,0:17:58,Toes look good,,,,,,,,,,,
,,,,,,,,,,,,,
290,0:22:29,"Could you not wiggle your toes for a minute, I want to feel for a pulse",,,,,,,,,,,
291,0:22:40,Could you clear the monitor?,,,,,,,,,,,
292,0:22:52,"Just keep your toes straight, just for a second",,,,,,,,,,,
293,0:22:59,That would be impressive if it went through both,,,,,,,,,,,
294,0:23:06,"Keep going, keep going, keep going. 2 More, there you go.",,,,,,,,,,,
295,0:23:28,"You definitely felt the boundary, it just came all the way down",,,,,,,,,,,
296,0:23:33,Keep your toes straight,,,,,,,,,,,
300,0:24:20,"Press down with the gas pedal, on the hands. And move with your legs up. And you can feel me touching on both legs?",,,,,,,,,,,
301,0:24:43,"Uh yeah, you're giving bilateral (??)",,,,,,,,,,,
,,,,,,,,,,,,,
,,,,,,,,,,,,,
170447,,,,,,,,,,,,,
31,0:14:03,Alright femoral pulse is 2 plus and equal bilaterally,,,,,,,,,,,
32,0:14:13,2+ CP bilaterally,,,,,,,,,,,
,,,,,,,,,,,,,
,,,,,,,,,,,,,
170445,,,,,,,,,,,,,
41,0:06:32,"So yea let's get pulses on alrighty, so get a GCS",,,,,,,,,,,
,,,,,,,,,,,,,
70,0:08:01,"Pulses, you call pulses",,,,,,,,,,,
,,,,,,,,,,,,,
,,,,,,,,,,,,,
170442,,,,,,,,,,,,,
32,0:15:24,2+ radial pulses.,,,,,,,,,,,
33,0:15:32,2+ femoral pulses.,,,,,,,,,,,
,,,,,,,,,,,,,
,,,,,,,,,,,,,
170441,,,,,,,,,,,,,
17,0:20:49,"2+ bp pulse on the left, 2+ bp pulse on the right, cap. refill is less than 3 seconds.",,,,,,,,,,,
,,,,,,,,,,,,,
24,0:21:42,"Um no evidence of shock, we'll wait for the uh blood pressure but good cap refill, pulses, heart rate is 150 right now, GCS is 15, pupils are equal and reactive.",,,,,,,,,,,
,,,,,,,,,,,,,
51,0:23:40,The right upper extremity is a 2+ brachial pulse.,,,,,,,,,,,
52,0:23:45,"Looks good, no signs of trauma.",,,,,,,,,,,
53,0:23:50,2+ brachial pulse on the left and no signs of trauma to the left upper extremity,,,,,,,,,,,
,,,,,,,,,,,,,
,,,,,,,,,,,,,
170437,,,,,,,,,,,,,
20,(00:06:46),Uh 2+ radial pulses uh bilaterally. 2+ femoral pulses bilaterally.,,,,,,,,,,,
21,(00:07:00),"Uh how we doing on blood pressure and pulse, guys?",,,,,,,,,,,
22,(00:07:03),They're coming,,,,,,,,,,,
23,(00:07:09),The monitor's not picking up,,,,,,,,,,,
24,(00:07:10),"Ummm, 2+ dp's.",,,,,,,,,,,
25,(00:07:15),The wave form's not picking up.,,,,,,,,,,,
26,(00:07:20),"Sorry my dear. 2+ dp's bilaterally. GCS is 15. --, do you know where you are?",,,,,,,,,,,
,,,,,,,,,,,,,
,,,,,,,,,,,,,
170436,,,,,,,,,,,,,
33,0:05:10,He's got bilateral radius pulses,,,,,,,,,,,
37,0:05:17,He's got bilateral dp pulses,,,,,,,,,,,
38,0:05:24,95 over palp,,,,,,,,,,,
,,,,,,,,,,,,,
,,,,,,,,,,,,,
170435,,,,,,,,,,,,,
41,0:05:34,Got bilateral radial pulses,,,,,,,,,,,
43,0:05:39,Got bilateral dp pulses,,,,,,,,,,,
,,,,,,,,,,,,,
,,,,,,,,,,,,,
170434,,,,,,,,,,,,,
15,0:01:16,Check pulses,,,,,,,,,,,
16,0:01:22,Can you check the pulses and the,,,,,,,,,,,
17,0:01:23,Got good radial pulses bilaterally,,,,,,,,,,,
19,0:01:33,Good dp pulses bilaterally,,,,,,,,,,,
20,0:01:35,"Check femoral pulses too, --. Just because it's near the area.",,,,,,,,,,,
21,0:01:41,And let me know if there's any bleeding right there,,,,,,,,,,,
22,0:01:46,Well there's bleeding in the right scrotum,,,,,,,,,,,
23,0:01:51,Alright he's got good femoral pulses bilaterally,,,,,,,,,,,
,,,,,,,,,,,,,
,,,,,,,,,,,,,
170413,,,,,,,,,,,,,
34,0:09:04,"2+ dp pulses bilaterally, his skin is warm, no IV access",,,,,,,,,,,
,,,,,,,,,,,,,
,,,,,,,,,,,,,
170407,,,,,,,,,,,,,
14,0:07:15,"Okay, check the pulses",,,,,,,,,,,
16,0:07:30,How are the pulses,,,,,,,,,,,
18,0:07:32,"Brachials are usually, are where we've been feeling them well",,,,,,,,,,,
19,0:07:35,Left and right femoral pulses,,,,,,,,,,,
20,0:07:38,Are they strong?,,,,,,,,,,,
21,0:07:38,Good,,,,,,,,,,,
22,0:07:40,Yeah they're good,,,,,,,,,,,
,,,,,,,,,,,,,
37,0:08:10,I got a 60 over palp,,,,,,,,,,,
38,0:08:20,Okay she's got a 2 point here,,,,,,,,,,,
,,,,,,,,,,,,,
,,,,,,,,,,,,,
170336,,,,,,,,,,,,,
36,0:22:37,"Okay, radial too, we're getting a, radial too",,,,,,,,,,,
42,0:22:46,"We have +2 pulses, his feet are a little cold, he has good cap refill, less than 3 seconds",,,,,,,,,,,
,,,,,,,,,,,,,
,,,,,,,,,,,,,
170335,,,,,,,,,,,,,
33,0:12:08,2+ radial pulses,,,,,,,,,,,
37,0:12:25,2+ dp pulses bilaterally,,,,,,,,,,,
,,,,,,,,,,,,,
,,,,,,,,,,,,,
170334,,,,,,,,,,,,,
45,0:12:30,We have 2+ pulses,,,,,,,,,,,
46,0:12:31,His feet are cool,,,,,,,,,,,
47,0:12:32,"Okay, distal",,,,,,,,,,,
,,,,,,,,,,,,,
,,,,,,,,,,,,,
170331,,,,,,,,,,,,,
17,0:02:37,Bilateral radial pulses intact,,,,,,,,,,,
18,0:02:55,Bilateral dp pulses intact,,,,,,,,,,,
,,,,,,,,,,,,,
,,,,,,,,,,,,,
170329,,,,,,,,,,,,,
23,0:04:02,Good brachial pulses bilaterally.,,,,,,,,,,,
24,0:04:07,Good distal pulses bilaterally,,,,,,,,,,,
,,,,,,,,,,,,,
,,,,,,,,,,,,,
170327,,,,,,,,,,,,,
17,0:09:28,She's got a good dp pulse on the left.,,,,,,,,,,,
18,0:09:33,Good dp pulse on the right.,,,,,,,,,,,
19,0:09:38,Got a radial pulse on the right.,,,,,,,,,,,
,,,,,,,,,,,,,
,,,,,,,,,,,,,
170229,,,,,,,,,,,,,
18,0:02:28,"Airway's patent and protected, her breath sounds are clear bilaterally, she has +2 pulses bilaterally and one in right pedis",,,,,,,,,,,
,,,,,,,,,,,,,
,,,,,,,,,,,,,
170228,,,,,,,,,,,,,
72,0:13:29,Working on his DP,,,,,,,,,,,
73,0:13:30,Thank you,,,,,,,,,,,
,,,,,,,,,,,,,
,,,,,,,,,,,,,
170223,,,,,,,,,,,,,
48,0:09:14,Distal pulses?,,,,,,,,,,,
50,0:09:18,And we have palpable peripheral pulses,,,,,,,,,,,
,,,,,,,,,,,,,
,,,,,,,,,,,,,
170211,,,,,,,,,,,,,
30,0:04:13,"Check all four pulses, let's go.",,,,,,,,,,,
33,0:04:39,All four pulses present,,,,,,,,,,,
,,,,,,,,,,,,,
,,,,,,,,,,,,,
170210,,,,,,,,,,,,,
44,0:05:24,"Check her pulses, man. C'mon. ABC's. Let's go.",,,,,,,,,,,
45,0:05:37,You good?,,,,,,,,,,,
46,0:05:38,Bilateral perial pulse,,,,,,,,,,,
47,0:05:39,And arms,,,,,,,,,,,
,,,,,,,,,,,,,
54,0:06:04,Bilaterial regional pulse?,,,,,,,,,,,
,,,,,,,,,,,,,
,,,,,,,,,,,,,
170209,,,,,,,,,,,,,
29,0:11:41,Squeezing your arms really quick okay,,,,,,,,,,,
30,0:11:48,2+ distal pulses all around,,,,,,,,,,,
31,0:11:50,Okay,,,,,,,,,,,
,,,,,,,,,,,,,
,,,,,,,,,,,,,
170203,,,,,,,,,,,,,
17,0:12:03,Femoral pulses bilaterally,,,,,,,,,,,
20,0:12:30,I got 2+ PT pulses and DP pulses,,,,,,,,,,,
,,,,,,,,,,,,,
,,,,,,,,,,,,,
170128,,,,,,,,,,,,,
11,0:14:37,2+ radial pulse on the right.,,,,,,,,,,,
12,0:14:54,2+ DP on the right,,,,,,,,,,,
13,0:15:00,2+ DP on the left,,,,,,,,,,,
14,0:15:06,2+ radial on the left,,,,,,,,,,,
,,,,,,,,,,,,,
,,,,,,,,,,,,,
170121,,,,,,,,,,,,,
34,0:24:21,2+ radial pulse on the right.,,,,,,,,,,,
35,0:24:31,2+ DP on the left.,,,,,,,,,,,
36,0:24:39,And the right 2+ DP.,,,,,,,,,,,
,,,,,,,,,,,,,
115,0:30:06,2+ radial on the left if I didn't mention that earlier.,,,,,,,,,,,
,,,,,,,,,,,,,
,,,,,,,,,,,,,
170120,,,,,,,,,,,,,
11,0:14:57,We got 2+ pulses in his uh,,,,,,,,,,,
12,0:15:02,In his uh,,,,,,,,,,,
13,0:15:05,"PT, and DP",,,,,,,,,,,
,,,,,,,,,,,,,
,,,,,,,,,,,,,
170114,,,,,,,,,,,,,
44,0:01:49,2+ dp on the right,,,,,,,,,,,
47,0:01:56,2+ dp on the left,,,,,,,,,,,
,,,,,,,,,,,,,
70,0:02:33,Yeah pulse is 1,,,,,,,,,,,
71,0:02:34,Pulse is radial and dps are checked,,,,,,,,,,,
73,0:02:36,Just dps are bilateral,,,,,,,,,,,
74,0:02:37,Check radials please,,,,,,,,,,,
75,0:02:39,"We gotta, gotta take your hand, I'm sorry",,,,,,,,,,,
76,0:02:43,2+ radial on the right,,,,,,,,,,,
78,0:02:49,2+ on the left,,,,,,,,,,,
,,,,,,,,,,,,,
,,,,,,,,,,,,,
170112,,,,,,,,,,,,,
38,0:09:58,2+ DP's bilaterally,,,,,,,,,,,
,,,,,,,,,,,,,
,,,,,,,,,,,,,
170110,,,,,,,,,,,,,
18,0:01:26,Could somebody check for distal pulses,,,,,,,,,,,
,,,,,,,,,,,,,
33,0:02:15,He has right feel bilateral pedal pulses and good cap refills,,,,,,,,,,,
,,,,,,,,,,,,,
,,,,,,,,,,,,,
161227,,,,,,,,,,,,,
9,0:02:12,"We have good breaths bilaterally, intact airway, and we're going to have a GCS of 15 when we're done with it, pulse is intact x4",,,,,,,,,,,
,,,,,,,,,,,,,
44,0:03:46,Good pulses,,,,,,,,,,,
,,,,,,,,,,,,,
64,0:04:38,General pulse…,,,,,,,,,,,
65,0:04:41,Intact and strong bilaterally,,,,,,,,,,,
66,0:04:44,Thank you,,,,,,,,,,,
,,,,,,,,,,,,,
82,0:05:47,Does he have good blod flow in the distals,,,,,,,,,,,
83,0:05:49,"He does, yes",,,,,,,,,,,
84,0:05:49,Times 4,,,,,,,,,,,
,,,,,,,,,,,,,
,,,,,,,,,,,,,
170105,,,,,,,,,,,,,
98,0:05:07,"I have a 2+ right DP pulse, I need your right hand to squeeze",,,,,,,,,,,
103,0:05:19,2+ left DP pulse,,,,,,,,,,,
,,,,,,,,,,,,,
,,,,,,,,,,,,,
161220,,,,,,,,,,,,,
25,0:07:18,Alright and check pulses in -- please,,,,,,,,,,,
26,0:07:31,Okay 2+ bp pulses bilaterally,,,,,,,,,,,
30,0:08:00,2+ radial pulses bilaterally,,,,,,,,,,,
,,,,,,,,,,,,,
,,,,,,,,,,,,,
161219,,,,,,,,,,,,,
11,0:00:59,"He's got good peripheral pulses, 2+ cap refill",,,,,,,,,,,
,,,,,,,,,,,,,
,,,,,,,,,,,,,
161218,,,,,,,,,,,,,
7,0:06:08,2+ left dp pulse,,,,,,,,,,,
13,0:06:29,Okay 200 effective pulses,,,,,,,,,,,
,,,,,,,,,,,,,
,,,,,,,,,,,,,
161217,,,,,,,,,,,,,
16,0:46:00,2+ dp pulse on the left,,,,,,,,,,,
17,0:46:04,Do you mind saying that a little louder,,,,,,,,,,,
18,0:46:06,"Yup, and then 2+ dp pulse on the right",,,,,,,,,,,
,,,,,,,,,,,,,
91,0:50:43,"He has 2+ radial pulses bilaterally, his arms are clear",,,,,,,,,,,
,,,,,,,,,,,,,
,,,,,,,,,,,,,
161213,,,,,,,,,,,,,
43,0:01:37,"2+ pulses, his pupils are poor bilaterally, reactive to 2",,,,,,,,,,,
44,0:01:41,The dp pulses,,,,,,,,,,,
,,,,,,,,,,,,,
170,0:07:44,"Palpable dp pulses bilaterally, we have a palpable radial in the right",,,,,,,,,,,
171,0:07:49,When you guys are done can you just check the pulse in the left hand,,,,,,,,,,,
172,0:07:51,"I did, it was 2+ yeah",,,,,,,,,,,
,,,,,,,,,,,,,
,,,,,,,,,,,,,
161207,,,,,,,,,,,,,
47,0:12:25,Did you check distal pulses,,,,,,,,,,,
49,0:12:30,"2+ DP pulse on the right and then 2+ DP pulse on the left, her cap refill is less than 2 seconds",,,,,,,,,,,
,,,,,,,,,,,,,
,,,,,,,,,,,,,
161202,,,,,,,,,,,,,
230,0:14:53,Did we do a pulse check,,,,,,,,,,,
,,,,,,,,,,,,,
233,0:15:05,"Can we just do a pulse check, that's all I want, I Just want a pulse ch-",,,,,,,,,,,
234,0:15:07,"Hold on one second, we're trying",,,,,,,,,,,
,,,,,,,,,,,,,
242,0:15:34,"Okay if we have no rhythm, we have no pulse",,,,,,,,,,,
,,,,,,,,,,,,,
,,,,,,,,,,,,,
161203,,,,,,,,,,,,,
27,0:16:30,2+ dp pulse on the right,,,,,,,,,,,
28,0:16:32,"2+ dp pulse on the left, her cap refill on the left is",,,,,,,,,,,
,,,,,,,,,,,,,
32,0:16:40,And 2+ radial pulse on the right,,,,,,,,,,,
34,0:16:43,And a 2+ radial pulse on the left,,,,,,,,,,,
,,,,,,,,,,,,,
99,0:22:04,Distal pulses are good,,,,,,,,,,,
,,,,,,,,,,,,,
,,,,,,,,,,,,,
161128,,,,,,,,,,,,,
14,0:05:46,"Her cap refill is brisk, she has 2+ pulses DP.",,,,,,,,,,,
,,,,,,,,,,,,,
,,,,,,,,,,,,,
161127,,,,,,,,,,,,,
27,0:01:37,"Airway's intact, breaths are biltaterally, uh distal pulses uh intact, uh radial and distal",,,,,,,,,,,
,,,,,,,,,,,,,
45,0:02:55,I'm sorry I didn't hear what he said about pulses,,,,,,,,,,,
46,0:02:57,He's got pulses,,,,,,,,,,,
,,,,,,,,,,,,,
61,0:04:31,Strong pulses all 4,,,,,,,,,,,
62,0:04:32,"Yea he had dor-, dorsalis and uh 2+ radial pulses",,,,,,,,,,,
,,,,,,,,,,,,,
,,,,,,,,,,,,,
160129,,,,,,,,,,,,,
9,0:11:10,"Vitals arrived on scene 114/83, pulse 122, abrasions 30, uh the arm left",,,,,,,,,,,
12,0:11:28,Check pulses,,,,,,,,,,,
13,0:11:29,Yup,,,,,,,,,,,
14,0:11:38,He's got uh 2+ lateral pulses bilaterally and the femoral distal pulses,,,,,,,,,,,
,,,,,,,,,,,,,
19,0:11:54,Good pulse?,,,,,,,,,,,
20,0:11:55,"Yea, good pulse in the femoral, he's got distal pulses here on the injured side, 2+",,,,,,,,,,,
21,0:12:00,Okay good,,,,,,,,,,,
,,,,,,,,,,,,,
85,0:16:11,He's got good bilateral 2+ pulses in the DPs,,,,,,,,,,,
,,,,,,,,,,,,,
,,,,,,,,,,,,,
160128,,,,,,,,,,,,,
12,0:12:00,Okay circulation?,,,,,,,,,,,
13,0:12:02,Check the pulses,,,,,,,,,,,
18,0:12:23,Alright they're bilateral femoral pulses that are equal,,,,,,,,,,,
,,,,,,,,,,,,,
31,0:13:38,"Got bilateral brachial pulses, warm.",,,,,,,,,,,
,,,,,,,,,,,,,
,,,,,,,,,,,,,
160127,,,,,,,,,,,,,
27,0:06:45,2+ right femoral,,,,,,,,,,,
28,0:06:50,2+ femoral pulses in each leg,,,,,,,,,,,
34,0:07:00,Okay but I've got good femoral pulses,,,,,,,,,,,
,,,,,,,,,,,,,
,,,,,,,,,,,,,
160126,,,,,,,,,,,,,
21,0:09:32,2+ bilateral femoral pulses,,,,,,,,,,,
,,,,,,,,,,,,,
85,0:14:17,"2+ bilateral dorsal pedis laterally, bilaterally.",,,,,,,,,,,
,,,,,,,,,,,,,
,,,,,,,,,,,,,
160124,,,,,,,,,,,,,
50,0:02:43,"Okay distal pulses, let's check his distal pulses",,,,,,,,,,,
52,0:02:58,Feel pulses?,,,,,,,,,,,
55,0:03:16,Distal pulses look good,,,,,,,,,,,
,,,,,,,,,,,,,
,,,,,,,,,,,,,
170545,,,,,,,,,,,,,
16,(00:09:21),2 plus radial pulses bilaterally.,,,,,,,,,,,
17,(00:09:25),2 plus femoral.,,,,,,,,,,,
,,,,,,,,,,,,,
,,,,,,,,,,,,,
170521,,,,,,,,,,,,,
25,(00:05:02),I've got a good pulse on the left.,,,,,,,,,,,
,,,,,,,,,,,,,
,,,,,,,,,,,,,
170516,,,,,,,,,,,,,
27,(00:39:28),She got bilateral radial pulses,,,,,,,,,,,
29,(00:39:39),She's got good posterior tibula pulses.,,,,,,,,,,,
,,,,,,,,,,,,,
,,,,,,,,,,,,,
170518,,,,,,,,,,,,,
18,(00:04:53),Check for pulses.,,,,,,,,,,,
23,(00:05:15),So let's get a line and get some pulses.,,,,,,,,,,,
27,(00:05:25),"Okay, he's got palpable DP on the right.",,,,,,,,,,,
28,(00:05:32),Palpable DP on the left.,,,,,,,,,,,
,,,,,,,,,,,,,
,,,,,,,,,,,,,
170515,,,,,,,,,,,,,
15,(00:06:04),I'm checking your pulse right now okay?,,,,,,,,,,,
16,(00:06:11),Good radial pulses.,,,,,,,,,,,
18,(00:06:20),Femoral pulse intact.,,,,,,,,,,,
19,(00:06:21),Good. Femoral pulse intact on this side…,,,,,,,,,,,
,,,,,,,,,,,,,
49,(00:07:57),Does he have pulses distal to the injury?,,,,,,,,,,,
50,(00:08:00),"Yes, he does. Yes, he has intact radial pulses bilaterally…",,,,,,,,,,,
,,,,,,,,,,,,,
100,(00:10:52),Radial pulse is present,,,,,,,,,,,
101,(00:10:54),"Yes, he's got radial pulse in both arms.",,,,,,,,,,,
,,,,,,,,,,,,,
,,,,,,,,,,,,,
170514,,,,,,,,,,,,,
37,(00:04:26),He's got good radial pulses and intact distal perfusion.,,,,,,,,,,,
39,(00:04:34),And good pedal pulses.,,,,,,,,,,,
,,,,,,,,,,,,,
,,,,,,,,,,,,,
170513,,,,,,,,,,,,,
41,(00:05:20),So.. Pulse is distal?,,,,,,,,,,,
42,(00:05:32),Yeah.,,,,,,,,,,,
43,(00:05:33),"Sorry, I didn't hear that.",,,,,,,,,,,
44,(00:05:34),"No, that's okay.",,,,,,,,,,,
,,,,,,,,,,,,,
,,,,,,,,,,,,,
170509,,,,,,,,,,,,,
25,(00:22:17),BP 2 plus and bilateral.,,,,,,,,,,,
26,(00:22:18),Did you check radial?,,,,,,,,,,,
27,(00:22:20),I checked femoral and ---.,,,,,,,,,,,
28,(00:22:21),Can you check radial?,,,,,,,,,,,
29,(00:22:29),2 plus bilateral.,,,,,,,,,,,
30,(00:22:31),Did we get a heart sound?,,,,,,,,,,,
31,(00:22:33),Yes.,,,,,,,,,,,
,,,,,,,,,,,,,
,,,,,,,,,,,,,
170507,,,,,,,,,,,,,
16,(00:55:40),And I have distal pulses.,,,,,,,,,,,
,,,,,,,,,,,,,
,,,,,,,,,,,,,
170508,,,,,,,,,,,,,
23,(00:14:27),Probable distal pulses.,,,,,,,,,,,
,,,,,,,,,,,,,
,,,,,,,,,,,,,
170506,,,,,,,,,,,,,
17,(00:07:08),I have bilateral distal pulses.,,,,,,,,,,,
18,(00:07:10),Okay.,,,,,,,,,,,
,,,,,,,,,,,,,
,,,,,,,,,,,,,
170448,,,,,,,,,,,,,
29,(00:01:53),Pulse is bilateral.,,,,,,,,,,,
34,(00:02:06),Which pulse is there?,,,,,,,,,,,
,,,,,,,,,,,,,
,,,,,,,,,,,,,
170446,,,,,,,,,,,,,
20,(00:22:58),2 plus bps bilaterally.,,,,,,,,,,,
21,(00:23:01),Check the radials also please.,,,,,,,,,,,
24,(00:23:14),I got 2 plus…,,,,,,,,,,,
25,(00:23:15),Thank you.,,,,,,,,,,,
26,(00:23:17),2 plus radial bilaterally.,,,,,,,,,,,
27,(00:23:19),Thank you.,,,,,,,,,,,
,,,,,,,,,,,,,
,,,,,,,,,,,,,
170438,,,,,,,,,,,,,
18,(00:33:44),"Okay, just get femoral pulses real fast",,,,,,,,,,,
19,(00:33:46),2+,,,,,,,,,,,
20,(00:33:51),2+ femoral pulses bilaterally,,,,,,,,,,,
,,,,,,,,,,,,,
61,(00:36:14),"Pulses 2+bp's, pt's bilaterally",,,,,,,,,,,
,,,,,,,,,,,,,
86,(00:37:50),So she's got a low pulse and a high,,,,,,,,,,,
,,,,,,,,,,,,,
,,,,,,,,,,,,,
170432,,,,,,,,,,,,,
30,(00:01:54),2 plus.,,,,,,,,,,,
31,(00:01:57),"The 2 plus pulses, radial pulses bilaterally.",,,,,,,,,,,
,,,,,,,,,,,,,
76,(00:04:31),You check pulses?,,,,,,,,,,,
77,(00:04:32),Just redo the whole,,,,,,,,,,,
78,(00:04:36),Detected radial pulse on the right.,,,,,,,,,,,
79,(00:04:41),Checking for pulses bilaterally,,,,,,,,,,,
80,(00:04:44),The radial pulse on the left,,,,,,,,,,,
,,,,,,,,,,,,,
,,,,,,,,,,,,,
170431,,,,,,,,,,,,,
20,(00:13:14),2 plus right dp,,,,,,,,,,,
21,(00:13:17),2 plus left dp,,,,,,,,,,,
,,,,,,,,,,,,,
,,,,,,,,,,,,,
170410,,,,,,,,,,,,,
16,(00:11:47),Two plus right DP.,,,,,,,,,,,
17,(00:11:50),Two plus left DP.,,,,,,,,,,,
,,,,,,,,,,,,,
,,,,,,,,,,,,,
170429,,,,,,,,,,,,,
16,(00:11:01),He's got 2+ right radial pusle.,,,,,,,,,,,
17,(00:11:10),He's got 2+ left bp.,,,,,,,,,,,
18,(00:11:15),2+ right bp.,,,,,,,,,,,
,,,,,,,,,,,,,
,,,,,,,,,,,,,
170427,,,,,,,,,,,,,
13,(00:06:34),"Alright. So 2+ uh radial and 2+ pedals, bilaterally",,,,,,,,,,,
,,,,,,,,,,,,,
,,,,,,,,,,,,,
170426,,,,,,,,,,,,,
11,(00:02:38),Circulation is intact with pulses. I'm just feeling your pulses okay?,,,,,,,,,,,
,,,,,,,,,,,,,
54,(00:06:02),Alright bud it's gonna be a little tight,,,,,,,,,,,
55,(00:06:04),Good pulses.,,,,,,,,,,,
,,,,,,,,,,,,,
,,,,,,,,,,,,,
170421,,,,,,,,,,,,,
6,(00:08:59),Can we put the pads on? Start to see if we have a pulse,,,,,,,,,,,
,,,,,,,,,,,,,
13,(00:09:43),No pulse in the left femoral.,,,,,,,,,,,
,,,,,,,,,,,,,
37,(00:11:11),"When we do DL, let's do a pulse check real quick as well.",,,,,,,,,,,
38,(00:11:15),"Hold on, hold on, let's do a pulse check",,,,,,,,,,,
39,(00:11:17),"Pulse check, pulse check",,,,,,,,,,,
40,(00:11:17),Somebody needs to check a pulse or do compressions,,,,,,,,,,,
41,(00:11:21),No pulse on the right femoral.,,,,,,,,,,,
42,(00:11:24),Is there a rhythm on the strip on the on the monitor we have,,,,,,,,,,,
43,(00:11:29),They're none so continuing,,,,,,,,,,,
,,,,,,,,,,,,,
54,(00:12:37),"Alright, next pulse, I'm ready to check",,,,,,,,,,,
55,(00:12:39),Are you ready to check? Are you in the best position? Do you want the bed raised?,,,,,,,,,,,
56,(00:12:42),"Um, I'm actually okay with the bed height. I would prefer the patient to be closer to me",,,,,,,,,,,
67,(00:13:06),Somebody check for a pulse.,,,,,,,,,,,
68,(00:13:06),Check pulse. Check pulse femoral.,,,,,,,,,,,
69,(00:13:12),No pulse felt on the right femoral,,,,,,,,,,,
71,(00:13:16),Continue compressions.,,,,,,,,,,,
72,(00:13:17),Continuing compressions.,,,,,,,,,,,
73,(00:13:20),You have PEA. That's PEA.,,,,,,,,,,,
74,(00:13:22),We have PEA? Alright resume compressions,,,,,,,,,,,
75,(00:13:26),"Resume compressions, get epi, and then you're gonna check in",,,,,,,,,,,
76,(00:13:30),I can check while we're doing compressions.,,,,,,,,,,,
77,(00:13:32),"Okay, okay, so check. We need to confirm it's",,,,,,,,,,,
,,,,,,,,,,,,,
,,,,,,,,,,,,,
170420,,,,,,,,,,,,,
19,(00:34:15),2+ DP pulse on the left,,,,,,,,,,,
20,(00:34:17),Got it,,,,,,,,,,,
21,(00:34:19),2+ DP pulse on the right,,,,,,,,,,,
22,(00:34:21),Thank you,,,,,,,,,,,
,,,,,,,,,,,,,
,,,,,,,,,,,,,
170113,,,,,,,,,,,,,
20,(00:12:05),"Though we have good pulses, his cap refill is 4 to 5.",,,,,,,,,,,
,,,,,,,,,,,,,
,,,,,,,,,,,,,
170221,,,,,,,,,,,,,
3,(00:31:37),"His vitals are stable, his heart rate is 110, his pressure is 122/78, 100% and title is 37.",,,,,,,,,,,
,,,,,,,,,,,,,
40,(00:33:44),And what is that noise signaling?,,,,,,,,,,,
41,(00:33:46),We got about 50 PPs.,,,,,,,,,,,
42,(00:33:48),Palpable femoral?,,,,,,,,,,,
43,(00:33:49),"From the right side, yup.",,,,,,,,,,,
,,,,,,,,,,,,,
,,,,,,,,,,,,,
170305,,,,,,,,,,,,,
49,(00:03:12),Good distal pulses. ,,,,,,,,,,,
,,,,,,,,,,,,,
82,(00:05:12),"Um his airway was intact, he's got breath sounds bilaterally. Um blood pressure was 132 on the right side, good distal pulses.    ",,,,,,,,,,,
,,,,,,,,,,,,,
131,(00:10:01),"Fracture right here,  I'm sorry. Pulses are intact. ",,,,,,,,,,,
,,,,,,,,,,,,,
,,,,,,,,,,,,,
170118,,,,,,,,,,,,,
20,(00:08:31),His lungs are clear -- bilaterally. He has a -- pulse on the left. ,,,,,,,,,,,
21,(00:08:38),Cap refill is less than two seconds… Cap refill is less than two seconds on the right and he has a two plus BP pulse on the right. ,,,,,,,,,,,
,,,,,,,,,,,,,
56,(00:11:28),And he has 2 plus radial pulses bilaterally.,,,,,,,,,,,
,,,,,,,,,,,,,
,,,,,,,,,,,,,
170116,,,,,,,,,,,,,
3,(00:00:25),"2 plus --, pulses",,,,,,,,,,,
,,,,,,,,,,,,,
48,(00:02:26),Equal bilateral DP pulses. ,,,,,,,,,,,
49,(00:02:28),Can you check the radials too please?,,,,,,,,,,,
50,(00:02:35),"… right radial, they're checking blood pressure on the left.",,,,,,,,,,,
,,,,,,,,,,,,,
,,,,,,,,,,,,,
170119,,,,,,,,,,,,,
22,(00:13:12),2 plus DP pulses.,,,,,,,,,,,
,,,,,,,,,,,,,
48,(00:14:54),"--, I've got a 2 plus right radial pulse. ",,,,,,,,,,,
,,,,,,,,,,,,,
85,(00:16:26),"Significant deformity to the right humerus, okay but I just I just said 2 plus right radial pulse. ",,,,,,,,,,,
,,,,,,,,,,,,,
,,,,,,,,,,,,,
170419,,,,,,,,,,,,,
10,(00:03:36),"So airway's intact, breath sounds are clear bilaterally, he's got 2+ pulses in all 4 extremities. Um, GCS, he's opening his eyes spontaneously, he's cooing and babbling, um, and he's having normal and spontaneous movement so GCS of 15.",,,,,,,,,,,
11,(00:03:55),Did you check DP on radial?,,,,,,,,,,,
12,(00:03:57),Yeah.,,,,,,,,,,,
,,,,,,,,,,,,,
44,(00:06:43),"External genitalia normal, 2+ femoral pulses",,,,,,,,,,,
,,,,,,,,,,,,,
,,,,,,,,,,,,,
170418,,,,,,,,,,,,,
8,(00:32:33),"Hey--, move your feet for me.",,,,,,,,,,,
9,(00:32:35),".--, I need you to move your feet, ok?",,,,,,,,,,,
10,(00:32:38),Thank you!,,,,,,,,,,,
11,(00:32:40),"Stop, I can't move",,,,,,,,,,,
12,(00:32:44),Move your right foot,,,,,,,,,,,
13,(00:32:45),I can't,,,,,,,,,,,
14,(00:32:46),"You can, you're doing it",,,,,,,,,,,
15,(00:32:51),"His feet are cool, but he has good pulses",,,,,,,,,,,
,,,,,,,,,,,,,
,,,,,,,,,,,,,
170416,,,,,,,,,,,,,
8,(00:09:35),"Has good pulses bilaterally lower extremeties,",,,,,,,,,,,
,,,,,,,,,,,,,
20,(00:10:56),Can we get him a pulse please?,,,,,,,,,,,
22,(00:11:05),I don't think his pulse is 56.,,,,,,,,,,,
23,(00:11:06),I hope not.,,,,,,,,,,,
24,(00:11:09),"Yeah, do we have a pulse?",,,,,,,,,,,
,,,,,,,,,,,,,
,,,,,,,,,,,,,
170415,,,,,,,,,,,,,
17,(00:03:05),Okay. So we have distal pulses? Or blood pressure?,,,,,,,,,,,
,,,,,,,,,,,,,
,,,,,,,,,,,,,
170412,,,,,,,,,,,,,
11,(00:10:19),"Alright he's got bilateral equal breath sounds, […] pedal pulses, […] exposed, GCS of 14, cause he's just crying, and we got him exposed, […] to take a look at his back.",,,,,,,,,,,
,,,,,,,,,,,,,
,,,,,,,,,,,,,
170406,,,,,,,,,,,,,
9,(00:11:14),He's got a right DP of 2+.,,,,,,,,,,,
10,(00:11:17),Check left. We need bilateral.,,,,,,,,,,,
11,(00:11:18),Bilateral?,,,,,,,,,,,
12,(00:11:20),Yes always bilateral.,,,,,,,,,,,
13,(00:11:26),"Careful guys, careful guys, careful guys, careful guys",,,,,,,,,,,
14,(00:11:36),"He's got a good left DP, too.",,,,,,,,,,,
,,,,,,,,,,,,,
67,(00:17:46),"Abdomen is soft and non-distended, pelvis is stable, external genetalia appears normal, bilateral lower extremities anteriorly are atraumatic. Right upper extremities, clear. He's got a 2+ right radial pulse. Left axial is clear. Left upper extremity appears atraumatic. And he's got a 2+ left radial pulse.",,,,,,,,,,,
,,,,,,,,,,,,,
88,(00:21:59),"His eyes are clear, could you get me some femoral pulse. Thanks.",,,,,,,,,,,
89,(00:22:08),Bilateral femoral pulses.,,,,,,,,,,,
,,,,,,,,,,,,,
,,,,,,,,,,,,,
170308,,,,,,,,,,,,,
11,8:37,Strong and regular radial pulse,,,,,,,,,,,
,,,,,,,,,,,,,
47,11:31,"Right lower extremity is clear, palpable DP pulse on the right",,,,,,,,,,,
,,,,,,,,,,,,,
59,12:28,Palpable DP pulse on the left,,,,,,,,,,,
,,,,,,,,,,,,,
,,,,,,,,,,,,,
170304,,,,,,,,,,,,,
35,(00:36:43),Radial pulse.,,,,,,,,,,,
36,(00:36:49),"Sorry, femorals, femorals.",,,,,,,,,,,
37,(00:36:57),Alright so,,,,,,,,,,,
38,(00:36:58),Did you check the femoral pulses?,,,,,,,,,,,
39,(00:37:01),"No, I did not, I checked the radial pulses.",,,,,,,,,,,
40,(00:37:04),"On both sides, you have to check both sides.",,,,,,,,,,,
41,(00:37:07),"Alright so I have a, I have plus femoral pulses on both sides.",,,,,,,,,,,